{
  "run_name": "efficientnet_b0-wce-seed42",
  "accuracy": 0.77079240340537,
  "per_class_sensitivity": {
    "akiec": 0.6041666666666666,
    "bcc": 0.7727272727272727,
    "bkl": 0.6046511627906976,
    "df": 0.6,
    "mel": 0.6021505376344086,
    "nv": 0.8385826771653543,
    "vasc": 0.7931034482758621
  },
  "macro_f1": 0.6266173406510792,
  "macro_auc": 0.9445504232587262,
  "confusion_matrix": [
    [
      29,
      4,
      2,
      0,
      10,
      2,
      1
    ],
    [
      8,
      51,
      0,
      1,
      0,
      6,
      0
    ],
    [
      16,
      12,
      104,
      0,
      26,
      14,
      0
    ],
    [
      0,
      0,
      1,
      6,
      3,
      0,
      0
    ],
    [
      4,
      10,
      7,
      2,
      112,
      51,
      0
    ],
    [
      8,
      12,
      37,
      8,
      89,
      852,
      10
    ],
    [
      0,
      0,
      0,
      0,
      6,
      0,
      23
    ]
  ]
}