{
  "run_name": "efficientnet_b0-focal-seed42",
  "accuracy": 0.7518009168303864,
  "per_class_sensitivity": {
    "akiec": 0.5833333333333334,
    "bcc": 0.7727272727272727,
    "bkl": 0.6162790697674418,
    "df": 0.7,
    "mel": 0.6075268817204301,
    "nv": 0.8080708661417323,
    "vasc": 0.7586206896551724
  },
  "macro_f1": 0.6345205978253855,
  "macro_auc": 0.9461759856080445,
  "confusion_matrix": [
    [
      28,
      2,
      6,
      0,
      11,
      1,
      0
    ],
    [
      9,
      51,
      1,
      0,
      2,
      3,
      0
    ],
    [
      15,
      9,
      106,
      0,
      29,
      13,
      0
    ],
    [
      0,
      0,
      0,
      7,
      3,
      0,
      0
    ],
    [
      3,
      8,
      10,
      2,
      113,
      50,
      0
    ],
    [
      8,
      14,
      42,
      9,
      118,
      821,
      4
    ],
    [
      0,
      0,
      0,
      1,
      6,
      0,
      22
    ]
  ]
}