{
  "run_name": "efficientnet_b0-ce-seed42",
  "accuracy": 0.8061558611656844,
  "per_class_sensitivity": {
    "akiec": 0.5,
    "bcc": 0.7272727272727273,
    "bkl": 0.6395348837209303,
    "df": 0.6,
    "mel": 0.489247311827957,
    "nv": 0.9153543307086615,
    "vasc": 0.7586206896551724
  },
  "macro_f1": 0.6490943290062703,
  "macro_auc": 0.9520489834781427,
  "confusion_matrix": [
    [
      24,
      1,
      9,
      0,
      10,
      3,
      1
    ],
    [
      9,
      48,
      0,
      2,
      0,
      7,
      0
    ],
    [
      11,
      8,
      110,
      0,
      20,
      23,
      0
    ],
    [
      0,
      0,
      0,
      6,
      4,
      0,
      0
    ],
    [
      3,
      8,
      7,
      3,
      91,
      73,
      1
    ],
    [
      4,
      10,
      24,
      2,
      41,
      930,
      5
    ],
    [
      0,
      0,
      0,
      0,
      6,
      1,
      22
    ]
  ]
}