{
  "run_name": "resnet18-wce-seed42",
  "accuracy": 0.7511460379829732,
  "per_class_sensitivity": {
    "akiec": 0.6875,
    "bcc": 0.803030303030303,
    "bkl": 0.563953488372093,
    "df": 0.3,
    "mel": 0.6612903225806451,
    "nv": 0.8001968503937008,
    "vasc": 0.8620689655172413
  },
  "macro_f1": 0.6074344933441364,
  "macro_auc": 0.9411344746608095,
  "confusion_matrix": [
    [
      33,
      4,
      5,
      0,
      4,
      2,
      0
    ],
    [
      10,
      53,
      0,
      0,
      0,
      3,
      0
    ],
    [
      28,
      13,
      97,
      1,
      23,
      10,
      0
    ],
    [
      0,
      1,
      0,
      3,
      5,
      1,
      0
    ],
    [
      13,
      6,
      6,
      1,
      123,
      36,
      1
    ],
    [
      12,
      22,
      58,
      1,
      102,
      813,
      8
    ],
    [
      0,
      2,
      2,
      0,
      0,
      0,
      25
    ]
  ]
}