{
  "run_name": "resnet18-focal-seed42",
  "accuracy": 0.7301899148657498,
  "per_class_sensitivity": {
    "akiec": 0.6666666666666666,
    "bcc": 0.7575757575757576,
    "bkl": 0.5290697674418605,
    "df": 0.3,
    "mel": 0.6774193548387096,
    "nv": 0.7775590551181102,
    "vasc": 0.7931034482758621
  },
  "macro_f1": 0.5769485415894078,
  "macro_auc": 0.9273270904397284,
  "confusion_matrix": [
    [
      32,
      4,
      6,
      0,
      5,
      1,
      0
    ],
    [
      12,
      50,
      0,
      1,
      1,
      2,
      0
    ],
    [
      26,
      13,
      91,
      1,
      30,
      11,
      0
    ],
    [
      1,
      1,
      0,
      3,
      5,
      0,
      0
    ],
    [
      9,
      7,
      10,
      2,
      126,
      32,
      0
    ],
    [
      12,
      25,
      63,
      6,
      115,
      790,
      5
    ],
    [
      0,
      2,
      2,
      0,
      2,
      0,
      23
    ]
  ]
}