{
  "run_name": "resnet18-ce-seed42",
  "accuracy": 0.8015717092337917,
  "per_class_sensitivity": {
    "akiec": 0.5,
    "bcc": 0.696969696969697,
    "bkl": 0.563953488372093,
    "df": 0.2,
    "mel": 0.478494623655914,
    "nv": 0.9291338582677166,
    "vasc": 0.7586206896551724
  },
  "macro_f1": 0.6123632216789694,
  "macro_auc": 0.9555785833692207,
  "confusion_matrix": [
    [
      24,
      4,
      10,
      0,
      5,
      5,
      0
    ],
    [
      7,
      46,
      0,
      0,
      2,
      11,
      0
    ],
    [
      14,
      10,
      97,
      0,
      21,
      30,
      0
    ],
    [
      1,
      0,
      0,
      2,
      6,
      1,
      0
    ],
    [
      7,
      2,
      7,
      2,
      89,
      79,
      0
    ],
    [
      4,
      9,
      31,
      0,
      26,
      944,
      2
    ],
    [
      0,
      0,
      0,
      0,
      3,
      4,
      22
    ]
  ]
}