{
  "run_name": "vit_tiny-wce-seed42",
  "accuracy": 0.7950229207596594,
  "per_class_sensitivity": {
    "akiec": 0.625,
    "bcc": 0.8333333333333334,
    "bkl": 0.7325581395348837,
    "df": 0.4,
    "mel": 0.5913978494623656,
    "nv": 0.8503937007874016,
    "vasc": 0.8620689655172413
  },
  "macro_f1": 0.6692518624488685,
  "macro_auc": 0.9602233417989261,
  "confusion_matrix": [
    [
      30,
      2,
      6,
      0,
      10,
      0,
      0
    ],
    [
      4,
      55,
      1,
      1,
      0,
      5,
      0
    ],
    [
      9,
      10,
      126,
      1,
      13,
      13,
      0
    ],
    [
      1,
      0,
      1,
      4,
      4,
      0,
      0
    ],
    [
      6,
      4,
      17,
      2,
      110,
      47,
      0
    ],
    [
      7,
      16,
      55,
      1,
      69,
      864,
      4
    ],
    [
      0,
      0,
      1,
      0,
      2,
      1,
      25
    ]
  ]
}