{
  "run_name": "vit_tiny-ce-seed42",
  "accuracy": 0.816633922724296,
  "per_class_sensitivity": {
    "akiec": 0.6041666666666666,
    "bcc": 0.7272727272727273,
    "bkl": 0.6744186046511628,
    "df": 0.4,
    "mel": 0.46774193548387094,
    "nv": 0.9261811023622047,
    "vasc": 0.7586206896551724
  },
  "macro_f1": 0.6675554487244743,
  "macro_auc": 0.9602718469794363,
  "confusion_matrix": [
    [
      29,
      2,
      7,
      0,
      5,
      5,
      0
    ],
    [
      6,
      48,
      2,
      0,
      0,
      10,
      0
    ],
    [
      9,
      11,
      116,
      0,
      19,
      17,
      0
    ],
    [
      1,
      0,
      0,
      4,
      5,
      0,
      0
    ],
    [
      5,
      5,
      7,
      2,
      87,
      80,
      0
    ],
    [
      4,
      11,
      28,
      0,
      29,
      941,
      3
    ],
    [
      0,
      2,
      0,
      0,
      4,
      1,
      22
    ]
  ]
}