{
  "run_name": "vit_tiny-focal-seed42",
  "accuracy": 0.796332678454486,
  "per_class_sensitivity": {
    "akiec": 0.6875,
    "bcc": 0.8333333333333334,
    "bkl": 0.5348837209302325,
    "df": 0.6,
    "mel": 0.42473118279569894,
    "nv": 0.9133858267716536,
    "vasc": 0.7931034482758621
  },
  "macro_f1": 0.6557988790428262,
  "macro_auc": 0.950926766499756,
  "confusion_matrix": [
    [
      33,
      3,
      2,
      0,
      9,
      1,
      0
    ],
    [
      6,
      55,
      0,
      1,
      0,
      4,
      0
    ],
    [
      19,
      14,
      92,
      0,
      33,
      14,
      0
    ],
    [
      1,
      0,
      0,
      6,
      3,
      0,
      0
    ],
    [
      6,
      11,
      2,
      3,
      79,
      85,
      0
    ],
    [
      9,
      19,
      23,
      1,
      33,
      928,
      3
    ],
    [
      0,
      2,
      0,
      0,
      3,
      1,
      23
    ]
  ]
}